container_id;code;address;postal_code;district;latitude;longitude;bin_type;trash_type;total_volume;installed_at;prediction
29866;S0001C00011;Cihelná 548;11000;;50,08883875;14,41021644;Schäfer/Europa-OV;plastic;3000;2018-12-18T00:00:00.000Z;
29867;S0001C00012;Cihelná 548;11000;;50,08883875;14,41021644;Schäfer/Europa-OV;paper;3000;2018-12-18T00:00:00.000Z;
29882;S0002C00021;Haštalská 748;11000;;50,0903778;14,4230751;Schäfer/Europa-OV;paper;3000;2018-12-18T00:00:00.000Z;
29883;S0002C00022;Haštalská 748;11000;;50,0903778;14,4230751;Schäfer/Europa-OV;plastic;3000;2018-12-18T00:00:00.000Z;2019-04-13T22:39:24.000Z
29884;S0002C00023;Haštalská 748;11000;;50,0903778;14,4230751;Schäfer/Europa-OV;beverage_cartons;1500;2018-12-18T00:00:00.000Z;
29885;S0002C00024;Haštalská 748;11000;;50,0903778;14,4230751;Schäfer/Europa-OV;metal;1500;2018-12-18T00:00:00.000Z;2019-05-13T19:26:14.000Z
29886;S0003C00031;Klimentská 1236;11000;;50,09205329;14,42996822;Schäfer/Europa-OV;metal;1500;2018-12-18T00:00:00.000Z;2019-04-15T05:06:50.000Z
29887;S0003C00032;Klimentská 1236;11000;;50,09205329;14,42996822;Schäfer/Europa-OV;paper;3000;2018-12-18T00:00:00.000Z;
29888;S0003C00033;Klimentská 1236;11000;;50,09205329;14,42996822;Schäfer/Europa-OV;plastic;3000;2018-12-18T00:00:00.000Z;
29889;S0003C00034;Klimentská 1236;11000;;50,09205329;14,42996822;Schäfer/Europa-OV;beverage_cartons;1500;2018-12-18T00:00:00.000Z;2019-04-25T21:39:11.000Z
29896;S0004C00041;Masná 1053;11000;;50,0889378;14,424032;Schäfer/Europa-OV;plastic;3000;2018-12-18T00:00:00.000Z;2019-04-14T20:37:30.000Z
29897;S0004C00042;Masná 1053;11000;;50,0889378;14,424032;Schäfer/Europa-OV;paper;3000;2018-12-18T00:00:00.000Z;
29898;S0004C00043;Masná 1053;11000;;50,0889378;14,424032;Schäfer/Europa-OV;beverage_cartons;1500;2018-12-18T00:00:00.000Z;2019-04-28T14:42:04.000Z
29899;S0004C00044;Masná 1053;11000;;50,0889378;14,424032;Schäfer/Europa-OV;metal;1500;2018-12-18T00:00:00.000Z;2019-05-01T15:45:35.000Z
29912;S0005C00051;Ostrovní 2064;11000;;50,080539;14,4146717;Schäfer/Europa-OV;plastic;3000;2018-12-18T00:00:00.000Z;
29913;S0005C00052;Ostrovní 2064;11000;;50,080539;14,4146717;Schäfer/Europa-OV;paper;3000;2018-12-18T00:00:00.000Z;
29914;S0006C00061;Petrské náměstí 1206;11000;;50,0914949;14,4323162;Schäfer/Europa-OR/GB;paper;3000;2018-12-05T00:00:00.000Z;2019-04-14T00:02:58.000Z
29915;S0006C00062;Petrské náměstí 1206;11000;;50,0914949;14,4323162;Schäfer/Europa-OR/GB;paper;3000;2018-12-05T00:00:00.000Z;2019-04-13T05:17:33.000Z
29916;S0006C00063;Petrské náměstí 1206;11000;;50,0914949;14,4323162;Schäfer/Europa-OR/GB;plastic;3000;2018-12-05T00:00:00.000Z;2019-04-13T13:52:36.000Z
29917;S0006C00064;Petrské náměstí 1206;11000;;50,0914949;14,4323162;Schäfer/Europa-OR/GB;glass_coloured;3000;2018-12-05T00:00:00.000Z;2019-04-26T00:06:17.000Z
29918;S0006C00065;Petrské náměstí 1206;11000;;50,0914949;14,4323162;Schäfer/Europa-OR/GB;glass_white;3000;2018-12-05T00:00:00.000Z;2019-05-20T22:50:40.000Z
29919;S0007C00071;Platnéřská 16;11000;;50,0876414;14,4187829;Schäfer/Europa-OV;paper;3000;2018-12-18T00:00:00.000Z;2019-04-16T01:14:24.000Z
29920;S0007C00072;Platnéřská 16;11000;;50,0876414;14,4187829;Schäfer/Europa-OV;plastic;3000;2018-12-18T00:00:00.000Z;2019-04-18T15:30:11.000Z
29932;S0008C00081;Rytířská 406;11000;;50,0840895;14,4219869;Schäfer/Europa-OV;paper;3000;2018-12-18T00:00:00.000Z;
29933;S0008C00082;Rytířská 406;11000;;50,0840895;14,4219869;Schäfer/Europa-OV;plastic;3000;2018-12-18T00:00:00.000Z;
29952;S0009C00091;Václavské náměstí 792;11000;;50,0819706;14,4260151;Schäfer/Europa-OV;paper;3000;2018-12-18T00:00:00.000Z;2019-04-12T16:07:58.000Z
29953;S0009C00092;Václavské náměstí 792;11000;;50,0819706;14,4260151;Schäfer/Europa-OV;plastic;3000;2018-12-18T00:00:00.000Z;2019-04-14T06:33:57.000Z
29954;S0010C00101;Valentinská 1;11000;;50,0874414;14,4166641;Schäfer/Europa-OV;paper;3000;2018-12-18T00:00:00.000Z;
29955;S0010C00102;Valentinská 1;11000;;50,0874414;14,4166641;Schäfer/Europa-OV;plastic;3000;2018-12-18T00:00:00.000Z;
29956;S0011C00111;Vítězná 559;11000;;50,0815251;14,4074607;Schäfer/Europa-OV;paper;3000;2018-12-18T00:00:00.000Z;2019-04-15T06:08:50.000Z
29957;S0011C00112;Vítězná 559;11000;;50,0815251;14,4074607;Schäfer/Europa-OV;metal;1500;2018-12-18T00:00:00.000Z;2019-04-27T20:55:23.000Z
29958;S0011C00113;Vítězná 559;11000;;50,0815251;14,4074607;Schäfer/Europa-OV;plastic;3000;2018-12-18T00:00:00.000Z;2019-05-05T23:07:46.000Z
29959;S0011C00114;Vítězná 559;11000;;50,0815251;14,4074607;Schäfer/Europa-OV;beverage_cartons;1500;2018-12-18T00:00:00.000Z;2019-04-20T17:09:46.000Z
29960;S0012C00121;Vodičkova 683;11000;;50,0796423;14,4233114;Schäfer/Europa-OV;plastic;3000;2018-12-18T00:00:00.000Z;2019-04-13T13:40:32.000Z
29961;S0012C00122;Vodičkova 683;11000;;50,0796423;14,4233114;Schäfer/Europa-OV;paper;3000;2018-12-18T00:00:00.000Z;
29900;S0013C00131;náměstí 14. října 83;15000;;50,0739227;14,4066804;Schäfer/Europa-OR/GB;plastic;3000;2018-12-05T00:00:00.000Z;2019-04-13T17:19:00.000Z
29901;S0013C00132;náměstí 14. října 83;15000;;50,0739227;14,4066804;Schäfer/Europa-OR/GB;glass_white;1500;2018-12-05T00:00:00.000Z;2019-10-02T08:07:30.000Z
29902;S0013C00133;náměstí 14. října 83;15000;;50,0739227;14,4066804;Schäfer/Europa-OR/GB;glass_coloured;1500;2018-12-05T00:00:00.000Z;2019-04-22T19:01:08.000Z
29903;S0013C00134;náměstí 14. října 83;15000;;50,0739227;14,4066804;Schäfer/Europa-OR/GB;paper;3000;2018-12-05T00:00:00.000Z;2019-04-13T20:53:11.000Z
29943;S0014C00141;Tilleho náměstí 787;15000;;50,0341629;14,3770576;Schäfer/Europa-OR/GB;plastic;3000;2018-12-05T00:00:00.000Z;2019-04-12T13:13:01.000Z
29944;S0014C00142;Tilleho náměstí 787;15000;;50,0341629;14,3770576;Schäfer/Europa-OR/GB;glass_white;1500;2018-12-05T00:00:00.000Z;2019-05-09T09:42:55.000Z
29945;S0014C00143;Tilleho náměstí 787;15000;;50,0341629;14,3770576;Schäfer/Europa-OR/GB;glass_coloured;1500;2018-12-05T00:00:00.000Z;2019-04-25T20:52:51.000Z
29946;S0014C00144;Tilleho náměstí 787;15000;;50,0341629;14,3770576;Schäfer/Europa-OR/GB;paper;3000;2018-12-05T00:00:00.000Z;2019-04-15T11:25:48.000Z
29947;S0015C00151;Újezd 415;15000;;50,0806992;14,4041108;Schäfer/Europa-OR/GB;paper;3000;2018-12-05T00:00:00.000Z;2019-04-14T14:31:44.000Z
29948;S0015C00152;Újezd 415;15000;;50,0806992;14,4041108;Schäfer/Europa-OR/GB;paper;3000;2018-12-05T00:00:00.000Z;2019-04-14T01:12:19.000Z
29949;S0015C00153;Újezd 415;15000;;50,0806992;14,4041108;Schäfer/Europa-OR/GB;plastic;3000;2018-12-05T00:00:00.000Z;2019-04-14T03:05:40.000Z
29950;S0015C00154;Újezd 415;15000;;50,0806992;14,4041108;Schäfer/Europa-OR/GB;glass_coloured;1500;2018-12-05T00:00:00.000Z;2019-04-13T08:08:45.000Z
29951;S0015C00155;Újezd 415;15000;;50,0806992;14,4041108;Schäfer/Europa-OR/GB;glass_white;1500;2018-12-05T00:00:00.000Z;2019-04-15T15:14:44.000Z
29868;S0016C00161;Čílova 281;16000;TEST;50,0892477;14,346298;Bammens Memphis;paper;4000;2018-12-18T00:00:00.000Z;
29869;S0016C00162;Čílova 281;16000;TEST;50,0892477;14,346298;Bammens Memphis;plastic;4000;2018-12-18T00:00:00.000Z;
29870;S0016C00163;Čílova 281;16000;TEST;50,0892477;14,346298;Bammens Memphis;paper;1500;2018-12-18T00:00:00.000Z;2019-04-20T21:18:58.000Z
29871;S0016C00164;Čílova 281;16000;TEST;50,0892477;14,346298;Bammens Memphis;beverage_cartons;1500;2018-12-18T00:00:00.000Z;2019-04-16T21:52:43.000Z
29872;S0016C00165;Čílova 281;16000;TEST;50,0892477;14,346298;Bammens Memphis;glass_coloured;1500;2018-12-18T00:00:00.000Z;2019-04-14T01:52:07.000Z
29873;S0016C00166;Čílova 281;16000;TEST;50,0892477;14,346298;Bammens Memphis;glass_white;1500;2018-12-18T00:00:00.000Z;
29874;S0017C00171;Čínská 1563;16000;;50,1085617;14,3932091;Schäfer/Europa-OR/GB;glass_white;1500;2018-12-05T00:00:00.000Z;2019-05-29T04:33:38.000Z
29875;S0017C00172;Čínská 1563;16000;;50,1085617;14,3932091;Schäfer/Europa-OR/GB;paper;3000;2018-12-05T00:00:00.000Z;2019-04-14T17:16:17.000Z
29876;S0017C00173;Čínská 1563;16000;;50,1085617;14,3932091;Schäfer/Europa-OR/GB;plastic;3000;2018-12-05T00:00:00.000Z;2019-04-14T06:22:06.000Z
29877;S0017C00174;Čínská 1563;16000;;50,1085617;14,3932091;Schäfer/Europa-OR/GB;glass_coloured;1500;2018-12-05T00:00:00.000Z;2019-04-22T22:13:38.000Z
29878;S0018C00181;Dejvická 396;16000;;50,0986675;14,3995219;Schäfer/Europa-OR/GB;paper;3000;2018-12-05T00:00:00.000Z;2019-04-14T08:03:47.000Z
29879;S0018C00182;Dejvická 396;16000;;50,0986675;14,3995219;Schäfer/Europa-OR/GB;plastic;3000;2018-12-05T00:00:00.000Z;
29880;S0018C00183;Dejvická 396;16000;;50,0986675;14,3995219;Schäfer/Europa-OR/GB;glass_white;1500;2018-12-05T00:00:00.000Z;2019-04-27T22:28:42.000Z
29881;S0018C00184;Dejvická 396;16000;;50,0986675;14,3995219;Schäfer/Europa-OR/GB;glass_coloured;1500;2018-12-05T00:00:00.000Z;2019-04-22T14:33:18.000Z
29890;S0019C00191;Lotyšská 646;16000;;50,1044727;14,3957491;Bammens Memphis;glass_coloured;1500;2018-12-18T00:00:00.000Z;2019-04-12T12:26:24.000Z
29891;S0019C00192;Lotyšská 646;16000;;50,1044727;14,3957491;Bammens Memphis;paper;1500;2018-12-18T00:00:00.000Z;2019-05-03T16:58:56.000Z
29892;S0019C00193;Lotyšská 646;16000;;50,1044727;14,3957491;Bammens Memphis;beverage_cartons;1500;2018-12-18T00:00:00.000Z;2019-04-19T12:42:27.000Z
29893;S0019C00194;Lotyšská 646;16000;;50,1044727;14,3957491;Bammens Memphis;glass_white;1500;2018-12-18T00:00:00.000Z;
29894;S0019C00195;Lotyšská 646;16000;;50,1044727;14,3957491;Bammens Memphis;paper;4000;2018-12-18T00:00:00.000Z;2019-04-15T09:25:56.000Z
29895;S0019C00196;Lotyšská 646;16000;;50,1044727;14,3957491;Bammens Memphis;plastic;4000;2018-12-18T00:00:00.000Z;2019-04-12T21:17:21.000Z
29786;S0020C00201;Na Pernikářce 734;16000;;50,1029268;14,3684187;Bammens Belfast;beverage_cartons;1500;2018-11-27T00:00:00.000Z;2019-05-06T10:41:41.000Z
29787;S0020C00202;Na Pernikářce 734;16000;;50,1029268;14,3684187;Bammens Belfast;glass_coloured;1500;2018-11-27T00:00:00.000Z;2019-04-24T18:36:15.000Z
29788;S0020C00203;Na Pernikářce 734;16000;;50,1029268;14,3684187;Bammens Belfast;paper;3000;2018-11-27T00:00:00.000Z;
29789;S0020C00204;Na Pernikářce 734;16000;;50,1029268;14,3684187;Bammens Belfast;plastic;3000;2018-11-27T00:00:00.000Z;2019-04-15T06:36:09.000Z
29904;S0021C00211;Národní obrany 714;16000;;50,1009982;14,3980998;Schäfer/Europa-OR/GB;paper;3000;2018-12-05T00:00:00.000Z;2019-04-14T12:03:41.000Z
29905;S0021C00212;Národní obrany 714;16000;;50,1009982;14,3980998;Schäfer/Europa-OR/GB;plastic;3000;2018-12-05T00:00:00.000Z;2019-04-14T12:38:23.000Z
29906;S0021C00213;Národní obrany 714;16000;;50,1009982;14,3980998;Schäfer/Europa-OR/GB;glass_coloured;1500;2018-12-05T00:00:00.000Z;2019-04-23T12:23:14.000Z
29907;S0021C00214;Národní obrany 714;16000;;50,1009982;14,3980998;Schäfer/Europa-OR/GB;glass_white;1500;2018-12-05T00:00:00.000Z;2019-04-29T16:04:04.000Z
29921;S0022C00221;Pod kaštany 177;16000;;50,098491;14,4053639;Bammens Memphis;glass_coloured;1500;2018-12-18T00:00:00.000Z;2019-04-13T15:12:48.000Z
29922;S0022C00222;Pod kaštany 177;16000;;50,098491;14,4053639;Bammens Memphis;glass_white;1500;2018-12-18T00:00:00.000Z;
29923;S0022C00223;Pod kaštany 177;16000;;50,098491;14,4053639;Bammens Memphis;beverage_cartons;3000;2018-12-18T00:00:00.000Z;
29924;S0022C00224;Pod kaštany 177;16000;;50,098491;14,4053639;Bammens Memphis;paper;3000;2018-12-18T00:00:00.000Z;2019-04-15T05:31:57.000Z
29925;S0022C00225;Pod kaštany 177;16000;;50,098491;14,4053639;Bammens Memphis;plastic;3000;2018-12-18T00:00:00.000Z;2019-04-26T18:05:46.000Z
29820;S0023C00233;Puškinovo náměstí 692;16000;;50,1029547;14,4019783;Bammens Belfast;paper;3000;2018-11-27T00:00:00.000Z;
29821;S0023C00234;Puškinovo náměstí 692;16000;;50,1029547;14,4019783;Bammens Belfast;plastic;3000;2018-11-27T00:00:00.000Z;2019-04-12T10:24:54.000Z
29822;S0023C00232;Puškinovo náměstí 692;16000;;50,1029547;14,4019783;Bammens Belfast;glass_coloured;1500;2018-11-27T00:00:00.000Z;2019-04-22T07:05:15.000Z
29823;S0023C00231;Puškinovo náměstí 692;16000;;50,1029547;14,4019783;Bammens Belfast;glass_white;3000;;2019-04-23T16:07:28.000Z
29926;S0024C00241;Rooseveltova 615;16000;;50,1033592;14,3967524;Bammens Memphis;glass_white;1500;2018-12-18T00:00:00.000Z;
29927;S0024C00242;Rooseveltova 615;16000;;50,1033592;14,3967524;Bammens Memphis;paper;4000;2018-12-18T00:00:00.000Z;
29928;S0024C00243;Rooseveltova 615;16000;;50,1033592;14,3967524;Bammens Memphis;plastic;4000;2018-12-18T00:00:00.000Z;
29929;S0024C00244;Rooseveltova 615;16000;;50,1033592;14,3967524;Bammens Memphis;paper;1500;2018-12-18T00:00:00.000Z;2019-04-19T12:26:15.000Z
29930;S0024C00245;Rooseveltova 615;16000;;50,1033592;14,3967524;Bammens Memphis;beverage_cartons;1500;2018-12-18T00:00:00.000Z;2019-04-19T17:17:31.000Z
29931;S0024C00246;Rooseveltova 615;16000;;50,1033592;14,3967524;Bammens Memphis;glass_coloured;1500;2018-12-18T00:00:00.000Z;
29938;S0025C00251;Stavitelská 1097;16000;;50,1058618;14,3925404;Bammens Memphis;glass_white;1500;2018-12-18T00:00:00.000Z;2019-04-14T14:05:17.000Z
29939;S0025C00252;Stavitelská 1097;16000;;50,1058618;14,3925404;Bammens Memphis;paper;3000;2018-12-18T00:00:00.000Z;2019-04-14T16:23:21.000Z
29940;S0025C00253;Stavitelská 1097;16000;;50,1058618;14,3925404;Bammens Memphis;plastic;3000;2018-12-18T00:00:00.000Z;2019-04-12T21:19:54.000Z
29941;S0025C00254;Stavitelská 1097;16000;;50,1058618;14,3925404;Bammens Memphis;beverage_cartons;3000;2018-12-18T00:00:00.000Z;2019-04-13T06:54:09.000Z
29942;S0025C00255;Stavitelská 1097;16000;;50,1058618;14,3925404;Bammens Memphis;glass_coloured;1500;2018-12-18T00:00:00.000Z;2019-04-19T02:23:03.000Z
29824;S0026C00261;Litvínovská 288;19000;;50,1230118;14,4859302;Bammens Belfast;beverage_cartons;1500;2018-11-27T00:00:00.000Z;2019-05-01T17:20:37.000Z
29825;S0026C00262;Litvínovská 288;19000;;50,1230118;14,4859302;Bammens Belfast;glass_coloured;1500;2018-11-27T00:00:00.000Z;2019-05-28T02:37:57.000Z
29826;S0026C00263;Litvínovská 288;19000;;50,1230118;14,4859302;Bammens Belfast;paper;3000;2018-11-27T00:00:00.000Z;2019-04-15T12:16:58.000Z
29827;S0026C00264;Litvínovská 288;19000;;50,1230118;14,4859302;Bammens Belfast;plastic;3000;2018-11-27T00:00:00.000Z;2019-04-13T13:18:16.000Z
29828;S0026C00266;Litvínovská 288;19000;;50,1230118;14,4859302;Bammens Belfast;glass_white;1500;2018-11-27T00:00:00.000Z;2019-04-26T09:41:38.000Z
29962;S0027C00271;Sokolovská u Gongu 972/195;19000;;50,107061;14,4884251;Bammens Memphis;paper;3000;2019-01-13T00:00:00.000Z;2019-04-14T13:14:47.000Z
29963;S0027C00272;Sokolovská u Gongu 972/195;19000;;50,107061;14,4884251;Bammens Memphis;plastic;3000;2019-01-13T00:00:00.000Z;2019-04-17T20:32:23.000Z
29964;S0027C00273;Sokolovská u Gongu 972/195;19000;;50,107061;14,4884251;Bammens Memphis;glass_coloured;1500;2019-01-13T00:00:00.000Z;2019-04-30T16:50:09.000Z
29965;S0027C00274;Sokolovská u Gongu 972/195;19000;;50,107061;14,4884251;Bammens Memphis;glass_white;1500;2019-01-13T00:00:00.000Z;2019-04-19T17:24:28.000Z
29966;S0027C00275;Sokolovská u Gongu 972/195;19000;;50,107061;14,4884251;Bammens Memphis;beverage_cartons;3000;2019-01-13T00:00:00.000Z;2019-04-13T19:55:34.000Z
29967;S0028C00281;Podvinný mlýn 2347;19000;;50,1109789;14,4891272;Bammens Memphis;beverage_cartons;3000;2019-01-13T00:00:00.000Z;
29968;S0028C00282;Podvinný mlýn 2347;19000;;50,1109789;14,4891272;Bammens Memphis;paper;3000;2019-01-13T00:00:00.000Z;2019-04-14T19:00:19.000Z
29969;S0028C00283;Podvinný mlýn 2347;19000;;50,1109789;14,4891272;Bammens Memphis;plastic;3000;2019-01-13T00:00:00.000Z;2019-04-13T22:47:07.000Z
29970;S0028C00284;Podvinný mlýn 2347;19000;;50,1109789;14,4891272;Bammens Memphis;glass_coloured;1500;2019-01-13T00:00:00.000Z;2019-04-23T18:25:45.000Z
29971;S0028C00285;Podvinný mlýn 2347;19000;;50,1109789;14,4891272;Bammens Memphis;glass_white;1500;2019-01-13T00:00:00.000Z;2019-04-16T22:33:45.000Z
29972;S0029C00291;Prouzova 792;19000;;50,1102845;14,5038078;Bammens Memphis;beverage_cartons;3000;2019-01-13T00:00:00.000Z;2019-04-18T19:57:54.000Z
29973;S0029C00292;Prouzova 792;19000;;50,1102845;14,5038078;Bammens Memphis;paper;3000;2019-01-13T00:00:00.000Z;2019-04-14T15:50:22.000Z
29974;S0029C00293;Prouzova 792;19000;;50,1102845;14,5038078;Bammens Memphis;plastic;3000;2019-01-13T00:00:00.000Z;
29975;S0029C00294;Prouzova 792;19000;;50,1102845;14,5038078;Bammens Memphis;glass_coloured;1500;2019-01-13T00:00:00.000Z;2019-04-17T01:20:07.000Z
29976;S0029C00295;Prouzova 792;19000;;50,1102845;14,5038078;Bammens Memphis;glass_white;1500;2019-01-13T00:00:00.000Z;2019-04-16T02:01:46.000Z
29829;S0030C00301;Klíčovská 293;19000;;50,1171463;14,5073654;MINI H-A;metal;1100;2018-11-27T00:00:00.000Z;2019-05-08T12:33:16.000Z
29860;S0030C00302;Klíčovská 293;19000;;50,1171463;14,5073654;Bammens Memphis;paper;3000;2019-01-13T00:00:00.000Z;2019-04-14T03:11:13.000Z
29861;S0030C00303;Klíčovská 293;19000;;50,1171463;14,5073654;Bammens Memphis;beverage_cartons;3000;2019-01-13T00:00:00.000Z;2019-05-07T18:53:14.000Z
29862;S0030C00304;Klíčovská 293;19000;;50,1171463;14,5073654;Bammens Memphis;plastic;3000;2019-01-13T00:00:00.000Z;
29863;S0030C00305;Klíčovská 293;19000;;50,1171463;14,5073654;Bammens Memphis;glass_white;1500;2019-01-13T00:00:00.000Z;2019-04-27T17:11:29.000Z
29864;S0030C00306;Klíčovská 293;19000;;50,1171463;14,5073654;Bammens Memphis;glass_coloured;1500;2019-01-13T00:00:00.000Z;
29977;S0031C00311;Pískovcová 737;19000;;50,1173151;14,4979554;Bammens Memphis;beverage_cartons;3000;2019-01-13T00:00:00.000Z;
29978;S0031C00312;Pískovcová 737;19000;;50,1173151;14,4979554;Bammens Memphis;paper;3000;2019-01-13T00:00:00.000Z;2019-04-14T14:49:05.000Z
29979;S0031C00313;Pískovcová 737;19000;;50,1173151;14,4979554;Bammens Memphis;plastic;3000;2019-01-13T00:00:00.000Z;
29980;S0031C00314;Pískovcová 737;19000;;50,1173151;14,4979554;Bammens Memphis;glass_coloured;1500;2019-01-13T00:00:00.000Z;
29981;S0031C00315;Pískovcová 737;19000;;50,1173151;14,4979554;Bammens Memphis;glass_white;1500;2019-01-13T00:00:00.000Z;
29982;S0032C00321;Veltruská 538;19000;;50,1219175;14,492135;Bammens Memphis;beverage_cartons;3000;2019-01-13T00:00:00.000Z;
29983;S0032C00322;Veltruská 538;19000;;50,1219175;14,492135;Bammens Memphis;paper;3000;2019-01-13T00:00:00.000Z;
29984;S0032C00323;Veltruská 538;19000;;50,1219175;14,492135;Bammens Memphis;plastic;3000;2019-01-13T00:00:00.000Z;
29985;S0032C00324;Veltruská 538;19000;;50,1219175;14,492135;Bammens Memphis;glass_coloured;1500;2019-01-13T00:00:00.000Z;2019-04-16T11:49:45.000Z
29986;S0032C00325;Veltruská 538;19000;;50,1219175;14,492135;Bammens Memphis;glass_white;1500;2019-01-13T00:00:00.000Z;2019-04-17T03:19:59.000Z
29987;S0033C00331;Kytlická  779;19000;;50,1258554;14,5055691;Bammens Memphis;beverage_cartons;3000;2019-01-13T00:00:00.000Z;
29988;S0033C00332;Kytlická  779;19000;;50,1258554;14,5055691;Bammens Memphis;paper;3000;2019-01-13T00:00:00.000Z;
29989;S0033C00333;Kytlická  779;19000;;50,1258554;14,5055691;Bammens Memphis;plastic;3000;2019-01-13T00:00:00.000Z;
29990;S0033C00334;Kytlická  779;19000;;50,1258554;14,5055691;Bammens Memphis;glass_coloured;1500;2019-01-13T00:00:00.000Z;2019-04-27T16:49:19.000Z
29991;S0033C00335;Kytlická  779;19000;;50,1258554;14,5055691;Bammens Memphis;glass_white;1500;2019-01-13T00:00:00.000Z;2019-05-08T09:34:32.000Z
29992;S0034C00341;Mimoňská 1243;19000;;50,1232628;14,4987315;Bammens Belfast;beverage_cartons;3000;2018-12-18T00:00:00.000Z;2019-04-15T02:22:02.000Z
29993;S0034C00342;Mimoňská 1243;19000;;50,1232628;14,4987315;Bammens Belfast;paper;3000;2018-12-18T00:00:00.000Z;2019-04-14T12:32:41.000Z
29994;S0034C00343;Mimoňská 1243;19000;;50,1232628;14,4987315;Bammens Belfast;plastic;3000;2018-12-18T00:00:00.000Z;
29995;S0034C00344;Mimoňská 1243;19000;;50,1232628;14,4987315;Bammens Belfast;glass_coloured;1500;2018-12-18T00:00:00.000Z;2019-05-01T17:26:03.000Z
29996;S0034C00345;Mimoňská 1243;19000;;50,1232628;14,4987315;Bammens Belfast;glass_white;1500;2018-12-18T00:00:00.000Z;2019-05-01T16:25:24.000Z
29997;S0035C00351;Jablonecká 358/25;19000;;50,1265269;14,4915981;Bammens Memphis;beverage_cartons;3000;2019-01-13T00:00:00.000Z;
29998;S0035C00352;Jablonecká 358/25;19000;;50,1265269;14,4915981;Bammens Memphis;paper;3000;2019-01-13T00:00:00.000Z;
29999;S0035C00353;Jablonecká 358/25;19000;;50,1265269;14,4915981;Bammens Memphis;plastic;3000;2019-01-13T00:00:00.000Z;2019-04-12T17:24:22.000Z
30000;S0035C00354;Jablonecká 358/25;19000;;50,1265269;14,4915981;Bammens Memphis;glass_coloured;1500;2019-01-13T00:00:00.000Z;2019-04-16T20:52:25.000Z
30001;S0035C00355;Jablonecká 358/25;19000;;50,1265269;14,4915981;Bammens Memphis;glass_white;1500;2019-01-13T00:00:00.000Z;2019-05-10T18:12:03.000Z
30002;S0036C00361;Rumburská 244;19000;;50,1246957;14,4891185;Bammens Memphis;beverage_cartons;3000;2019-01-13T00:00:00.000Z;
30003;S0036C00362;Rumburská 244;19000;;50,1246957;14,4891185;Bammens Memphis;paper;3000;2019-01-13T00:00:00.000Z;2019-04-14T12:56:18.000Z
30004;S0036C00363;Rumburská 244;19000;;50,1246957;14,4891185;Bammens Memphis;plastic;3000;2019-01-13T00:00:00.000Z;2019-04-15T10:12:26.000Z
30005;S0036C00364;Rumburská 244;19000;;50,1246957;14,4891185;Bammens Memphis;glass_coloured;1500;2019-01-13T00:00:00.000Z;2019-04-23T00:03:13.000Z
30006;S0036C00365;Rumburská 244;19000;;50,1246957;14,4891185;Bammens Memphis;glass_white;1500;2019-01-13T00:00:00.000Z;2019-04-24T23:24:43.000Z
30007;S0037C00371;Bohušovická-Bílinská 504/21;19000;;50,1232186;14,4904524;Bammens Memphis;beverage_cartons;3000;2019-01-13T00:00:00.000Z;
30008;S0037C00372;Bohušovická-Bílinská 504/21;19000;;50,1232186;14,4904524;Bammens Memphis;paper;3000;2019-01-13T00:00:00.000Z;2019-04-12T23:57:57.000Z
30009;S0037C00373;Bohušovická-Bílinská 504/21;19000;;50,1232186;14,4904524;Bammens Memphis;plastic;3000;2019-01-13T00:00:00.000Z;
30010;S0037C00374;Bohušovická-Bílinská 504/21;19000;;50,1232186;14,4904524;Bammens Memphis;glass_coloured;1500;2019-01-13T00:00:00.000Z;2019-04-21T16:53:26.000Z
30011;S0037C00375;Bohušovická-Bílinská 504/21;19000;;50,1232186;14,4904524;Bammens Memphis;glass_white;1500;2019-01-13T00:00:00.000Z;2019-04-25T01:46:38.000Z
30012;S0038C00381;Nemocniční 781;19000;;50,1098446;14,5069887;Bammens Memphis;paper;3000;2019-01-13T00:00:00.000Z;2019-04-14T17:34:50.000Z
30013;S0038C00382;Nemocniční 781;19000;;50,1098446;14,5069887;Bammens Memphis;plastic;3000;2019-01-13T00:00:00.000Z;
30014;S0038C00383;Nemocniční 781;19000;;50,1098446;14,5069887;Bammens Memphis;glass_coloured;1500;2019-01-13T00:00:00.000Z;2019-05-10T00:00:09.000Z
30015;S0038C00384;Nemocniční 781;19000;;50,1098446;14,5069887;Bammens Memphis;glass_white;1500;2019-01-13T00:00:00.000Z;2019-04-22T14:42:46.000Z
30016;S0038C00385;Nemocniční 781;19000;;50,1098446;14,5069887;Bammens Memphis;beverage_cartons;3000;2019-01-13T00:00:00.000Z;2019-04-16T01:40:16.000Z
30017;S0039C00391;Čihákova Matějkova 9652;19000;;50,1077946;14,4898945;Bammens Memphis;paper;3000;2019-01-13T00:00:00.000Z;
30018;S0039C00392;Čihákova Matějkova 9652;19000;;50,1077946;14,4898945;Bammens Memphis;plastic;3000;2019-01-13T00:00:00.000Z;
30019;S0039C00393;Čihákova Matějkova 9652;19000;;50,1077946;14,4898945;Bammens Memphis;glass_coloured;1500;2019-01-13T00:00:00.000Z;2019-04-26T08:53:00.000Z
30020;S0039C00394;Čihákova Matějkova 9652;19000;;50,1077946;14,4898945;Bammens Memphis;glass_white;1500;2019-01-13T00:00:00.000Z;2019-05-03T06:00:16.000Z
30021;S0039C00395;Čihákova Matějkova 9652;19000;;50,1077946;14,4898945;Bammens Memphis;beverage_cartons;3000;2019-01-13T00:00:00.000Z;2019-04-16T04:23:07.000Z
29908;S0040C00401;Ortenovo náměstí 1310;17000;;50,108311;14,4505954;Schäfer/Europa-OV;paper;3000;2018-12-18T00:00:00.000Z;2019-04-14T17:11:15.000Z
29909;S0040C00402;Ortenovo náměstí 1310;17000;;50,108311;14,4505954;Schäfer/Europa-OV;plastic;3000;2018-12-18T00:00:00.000Z;2019-04-14T09:19:41.000Z
29934;S0041C00411;Řezáčovo náměstí 1256;17000;;50,1009627;14,4357252;Schäfer/Europa-OR/GB;glass_white;1500;2018-12-05T00:00:00.000Z;2019-04-23T07:18:41.000Z
29935;S0041C00412;Řezáčovo náměstí 1256;17000;;50,1009627;14,4357252;Schäfer/Europa-OR/GB;glass_coloured;1500;2018-12-05T00:00:00.000Z;
29936;S0041C00413;Řezáčovo náměstí 1256;17000;;50,1009627;14,4357252;Schäfer/Europa-OR/GB;paper;3000;2018-12-05T00:00:00.000Z;2019-04-14T01:49:45.000Z
29937;S0041C00414;Řezáčovo náměstí 1256;17000;;50,1009627;14,4357252;Schäfer/Europa-OR/GB;plastic;3000;2018-12-05T00:00:00.000Z;2019-04-13T10:26:57.000Z
29796;S0042C00421;U Vršovického nádraží 0;10000;;50,06560093;14,44850765;Schäfer/Europa-OR/GB;glass_coloured;1500;2018-11-27T00:00:00.000Z;2019-04-25T12:59:43.000Z
29797;S0042C00422;U Vršovického nádraží 0;10000;;50,06560093;14,44850765;Schäfer/Europa-OR/GB;glass_white;1500;2018-11-27T00:00:00.000Z;2023-03-13T07:36:43.000Z
29798;S0042C00423;U Vršovického nádraží 0;10000;;50,06560093;14,44850765;Schäfer/Europa-OR/GB;beverage_cartons;1500;2018-11-27T00:00:00.000Z;2019-04-21T00:54:22.000Z
29799;S0042C00424;U Vršovického nádraží 0;10000;;50,06560093;14,44850765;Schäfer/Europa-OR/GB;paper;1500;2018-11-27T00:00:00.000Z;2019-04-14T02:01:03.000Z
29800;S0042C00425;U Vršovického nádraží 0;10000;;50,06560093;14,44850765;Schäfer/Europa-OR/GB;paper;3000;2018-11-27T00:00:00.000Z;2019-04-14T15:17:44.000Z
29801;S0042C00426;U Vršovického nádraží 0;10000;;50,06560093;14,44850765;Schäfer/Europa-OR/GB;plastic;3000;2018-11-27T00:00:00.000Z;2019-04-13T12:18:37.000Z
29790;S0043C00431;Topolová-Jabloňová 2963/12;10000;;50,0563007;14,506926;Bammens Memphis;glass_coloured;1500;2018-11-27T00:00:00.000Z;
29791;S0043C00432;Topolová-Jabloňová 2963/12;10000;;50,0563007;14,506926;Bammens Memphis;glass_white;1500;2018-11-27T00:00:00.000Z;2019-04-18T04:10:37.000Z
29792;S0043C00433;Topolová-Jabloňová 2963/12;10000;;50,0563007;14,506926;Bammens Memphis;paper;3000;;2019-04-15T01:19:18.000Z
29793;S0043C00434;Topolová-Jabloňová 2963/12;10000;;50,0563007;14,506926;Bammens Memphis;plastic;3000;2018-11-27T00:00:00.000Z;
29794;S0043C00435;Topolová-Jabloňová 2963/12;10000;;50,0563007;14,506926;Bammens Memphis;beverage_cartons;3000;2018-11-27T00:00:00.000Z;2019-04-28T13:11:54.000Z
29795;S0043C00436;Topolová-Jabloňová 2963/12;10000;;50,0563007;14,506926;MINI H-A;metal;1100;2018-11-27T00:00:00.000Z;
30022;S0044C00441;Litevská 1174/8;10000;;50,0729034;14,4768549;Bammens Memphis;glass_coloured;1500;2018-12-18T00:00:00.000Z;
30023;S0044C00442;Litevská 1174/8;10000;;50,0729034;14,4768549;Bammens Memphis;glass_white;1500;2018-12-18T00:00:00.000Z;2019-04-14T21:02:51.000Z
30024;S0044C00443;Litevská 1174/8;10000;;50,0729034;14,4768549;Bammens Memphis;paper;3000;2018-12-18T00:00:00.000Z;
30025;S0044C00444;Litevská 1174/8;10000;;50,0729034;14,4768549;Bammens Memphis;plastic;3000;2018-12-18T00:00:00.000Z;2019-04-12T09:42:13.000Z
30026;S0044C00445;Litevská 1174/8;10000;;50,0729034;14,4768549;Bammens Memphis;beverage_cartons;1500;2019-01-13T00:00:00.000Z;
29830;S0045C00451;Moskevská 1403;10000;;50,0701158;14,4511401;Bammens Memphis;beverage_cartons;1500;2018-11-27T00:00:00.000Z;
29831;S0045C00452;Moskevská 1403;10000;;50,0701158;14,4511401;Bammens Memphis;glass_coloured;1500;2018-11-27T00:00:00.000Z;
29832;S0045C00453;Moskevská 1403;10000;;50,0701158;14,4511401;Bammens Memphis;glass_white;1500;2018-11-27T00:00:00.000Z;2019-04-24T07:52:16.000Z
29833;S0045C00454;Moskevská 1403;10000;;50,0701158;14,4511401;Bammens Memphis;plastic;1500;2018-11-27T00:00:00.000Z;
29834;S0045C00455;Moskevská 1403;10000;;50,0701158;14,4511401;Bammens Memphis;plastic;3000;2018-11-27T00:00:00.000Z;
29835;S0045C00456;Moskevská 1403;10000;;50,0701158;14,4511401;Bammens Memphis;paper;3000;2018-11-27T00:00:00.000Z;
29802;S0046C00461;Nad Úžlabinou 708;10000;;50,080359;14,499456;Schäfer/Europa-OV;beverage_cartons;1500;2018-11-27T00:00:00.000Z;
29803;S0046C00462;Nad Úžlabinou 708;10000;;50,080359;14,499456;Schäfer/Europa-OV;plastic;1500;2018-11-27T00:00:00.000Z;
29804;S0046C00463;Nad Úžlabinou 708;10000;;50,080359;14,499456;Schäfer/Europa-OV;paper;3000;;2019-04-16T06:13:53.000Z
29805;S0046C00464;Nad Úžlabinou 708;10000;;50,080359;14,499456;Schäfer/Europa-OV;plastic;3000;2018-11-27T00:00:00.000Z;2019-04-17T00:19:54.000Z
29806;S0047C00471;Tupolevova 477;19000;;50,1345242;14,506979;Meva Top System;glass_coloured;1500;2018-11-27T00:00:00.000Z;2019-04-12T06:44:48.000Z
29807;S0047C00472;Tupolevova 477;19000;;50,1345242;14,506979;Meva Top System;glass_white;1500;2018-11-27T00:00:00.000Z;2019-05-18T00:02:48.000Z
29808;S0047C00473;Tupolevova 477;19000;;50,1345242;14,506979;Meva Top System;paper;3000;2018-11-27T00:00:00.000Z;
29809;S0047C00474;Tupolevova 477;19000;;50,1345242;14,506979;Meva Top System;plastic;3000;2018-11-27T00:00:00.000Z;
30027;S0048C00481;Štítného 629/23;13000;;50,085211;14,451586;Schäfer/Europa-OR/GB;beverage_cartons;1500;2018-11-27T00:00:00.000Z;2019-04-15T09:27:41.000Z
30028;S0048C00482;Štítného 629/23;13000;;50,085211;14,451586;Schäfer/Europa-OR/GB;paper;1500;2018-12-05T00:00:00.000Z;2019-04-14T04:57:29.000Z
30029;S0048C00483;Štítného 629/23;13000;;50,085211;14,451586;Schäfer/Europa-OR/GB;plastic;1500;2018-12-05T00:00:00.000Z;
30030;S0048C00484;Štítného 629/23;13000;;50,085211;14,451586;Schäfer/Europa-OR/GB;glass_coloured;1500;2018-12-05T00:00:00.000Z;2019-04-23T10:37:12.000Z
30031;S0048C00485;Štítného 629/23;13000;;50,085211;14,451586;Schäfer/Europa-OR/GB;glass_white;1500;2018-12-05T00:00:00.000Z;2019-05-10T05:47:19.000Z
30032;S0049C00491;Českobratrská 276;13000;;50,0860891;14,4563822;Schäfer/Europa-OR/GB;paper;3000;2018-12-18T00:00:00.000Z;
30034;S0049C00493;Českobratrská 276;13000;;50,0860891;14,4563822;Schäfer/Europa-OR/GB;plastic;1500;2018-12-18T00:00:00.000Z;2019-04-14T23:21:33.000Z
30036;S0049C00495;Českobratrská 276;13000;;50,0860891;14,4563822;Schäfer/Europa-OR/GB;glass_coloured;1500;2018-12-18T00:00:00.000Z;2019-04-13T18:05:05.000Z
30037;S0049C00496;Českobratrská 276;13000;;50,0860891;14,4563822;Schäfer/Europa-OR/GB;glass_white;1500;2018-12-18T00:00:00.000Z;2021-07-17T19:21:45.000Z
30038;S0049C00497;Českobratrská 276;13000;;50,0860891;14,4563822;Schäfer/Europa-OR/GB;beverage_cartons;1500;2018-12-18T00:00:00.000Z;2019-05-04T10:26:02.000Z
30039;S0050C00501;Jeseniova 1196;13000;;50,0868247;14,461462;Schäfer/Europa-OR/GB;paper;3000;2018-12-05T00:00:00.000Z;
30040;S0050C00502;Jeseniova 1196;13000;;50,0868247;14,461462;Schäfer/Europa-OR/GB;plastic;1500;2018-12-05T00:00:00.000Z;2019-04-14T23:47:08.000Z
30041;S0050C00503;Jeseniova 1196;13000;;50,0868247;14,461462;Schäfer/Europa-OR/GB;glass_coloured;1500;2018-12-05T00:00:00.000Z;2019-04-19T08:59:50.000Z
30042;S0050C00504;Jeseniova 1196;13000;;50,0868247;14,461462;Schäfer/Europa-OR/GB;glass_white;1500;2018-12-05T00:00:00.000Z;2019-04-15T04:37:59.000Z
30043;S0050C00505;Jeseniova 1196;13000;;50,0868247;14,461462;Schäfer/Europa-OR/GB;beverage_cartons;1500;2018-12-05T00:00:00.000Z;2019-04-23T07:32:34.000Z
30044;S0051C00511;nám.Barikád 0;13000;;50,0877;14,4626;Schäfer/Europa-OR/GB;paper;3000;2018-12-18T00:00:00.000Z;2019-04-13T10:08:49.000Z
30046;S0051C00513;nám.Barikád 0;13000;;50,0877;14,4626;Schäfer/Europa-OR/GB;plastic;1500;2018-12-18T00:00:00.000Z;
30048;S0051C00515;nám.Barikád 0;13000;;50,0877;14,4626;Schäfer/Europa-OR/GB;glass_coloured;1500;2018-12-18T00:00:00.000Z;2019-04-17T06:28:30.000Z
30049;S0051C00516;nám.Barikád 0;13000;;50,0877;14,4626;Schäfer/Europa-OR/GB;glass_white;1500;2018-12-18T00:00:00.000Z;
30050;S0051C00517;nám.Barikád 0;13000;;50,0877;14,4626;Schäfer/Europa-OR/GB;beverage_cartons;1500;2018-12-18T00:00:00.000Z;2019-04-19T09:36:39.000Z
30051;S0052C00521;Lucemburská 1579/33;13000;;50,0794779;14,4574764;Schäfer/Europa-OR/GB;paper;1500;2018-12-05T00:00:00.000Z;2019-04-14T04:37:37.000Z
30052;S0052C00522;Lucemburská 1579/33;13000;;50,0794779;14,4574764;Schäfer/Europa-OR/GB;plastic;1500;2018-12-05T00:00:00.000Z;2019-04-17T09:44:27.000Z
30053;S0052C00523;Lucemburská 1579/33;13000;;50,0794779;14,4574764;Schäfer/Europa-OR/GB;glass_coloured;1500;2018-12-05T00:00:00.000Z;2019-04-19T01:19:41.000Z
30054;S0052C00524;Lucemburská 1579/33;13000;;50,0794779;14,4574764;Schäfer/Europa-OR/GB;glass_white;1500;2018-12-05T00:00:00.000Z;2019-04-16T21:38:53.000Z
30413;S0052C00525;Lucemburská 1579/33;13000;;50,0794779;14,4574764;Schäfer/Europa-OR/GB;beverage_cartons;1500;;2019-04-14T05:13:09.000Z
30055;S0053C00531;Bořivojova 761/97;13000;;50,0822179;14,4457394;Schäfer/Europa-OR/GB;paper;3000;2018-12-05T00:00:00.000Z;2019-04-13T23:46:18.000Z
30056;S0053C00532;Bořivojova 761/97;13000;;50,0822179;14,4457394;Schäfer/Europa-OR/GB;plastic;1500;2018-12-05T00:00:00.000Z;2019-04-12T13:02:19.000Z
30057;S0053C00533;Bořivojova 761/97;13000;;50,0822179;14,4457394;Schäfer/Europa-OR/GB;glass_coloured;1500;2018-12-05T00:00:00.000Z;2019-04-13T15:17:01.000Z
30058;S0053C00534;Bořivojova 761/97;13000;;50,0822179;14,4457394;Schäfer/Europa-OR/GB;glass_white;1500;2018-12-05T00:00:00.000Z;2019-05-14T08:37:01.000Z
30059;S0054C00541;Jeseniova 2593/98;13000;;50,0887412;14,4719632;Schäfer/Europa-OR/GB;paper;3000;2018-12-05T00:00:00.000Z;2019-04-12T11:08:49.000Z
30060;S0054C00542;Jeseniova 2593/98;13000;;50,0887412;14,4719632;Schäfer/Europa-OR/GB;plastic;1500;2018-12-05T00:00:00.000Z;2019-04-15T02:33:48.000Z
30061;S0054C00543;Jeseniova 2593/98;13000;;50,0887412;14,4719632;Schäfer/Europa-OR/GB;glass_coloured;1500;2018-12-05T00:00:00.000Z;2020-01-18T03:32:24.000Z
30062;S0054C00544;Jeseniova 2593/98;13000;;50,0887412;14,4719632;Schäfer/Europa-OR/GB;glass_white;1500;2018-12-05T00:00:00.000Z;2019-04-16T00:45:11.000Z
30063;S0054C00545;Jeseniova 2593/98;13000;;50,0887412;14,4719632;Schäfer/Europa-OR/GB;beverage_cartons;1500;2018-12-05T00:00:00.000Z;2019-04-25T09:34:38.000Z
30064;S0055C00551;Rokycanova 240/27;13000;;50,0856753;14,4554081;Schäfer/Europa-OR/GB;beverage_cartons;3000;2018-12-05T00:00:00.000Z;2019-04-16T11:54:18.000Z
30065;S0055C00552;Rokycanova 240/27;13000;;50,0856753;14,4554081;Schäfer/Europa-OR/GB;paper;1500;2018-12-05T00:00:00.000Z;
30066;S0055C00553;Rokycanova 240/27;13000;;50,0856753;14,4554081;Schäfer/Europa-OR/GB;plastic;1500;2018-12-05T00:00:00.000Z;2019-04-13T07:27:48.000Z
30067;S0055C00554;Rokycanova 240/27;13000;;50,0856753;14,4554081;Schäfer/Europa-OR/GB;glass_coloured;1500;2018-12-05T00:00:00.000Z;2019-04-13T15:05:42.000Z
30068;S0055C00555;Rokycanova 240/27;13000;;50,0856753;14,4554081;Schäfer/Europa-OR/GB;glass_white;1500;2018-12-05T00:00:00.000Z;2019-04-13T12:24:08.000Z
30069;S0056C00561;Habrová 2641;13000;;50,0893202;14,4963518;Schäfer/Europa-OR/GB;paper;3000;2018-12-18T00:00:00.000Z;2019-04-12T07:10:23.000Z
30071;S0056C00563;Habrová 2641;13000;;50,0893202;14,4963518;Schäfer/Europa-OR/GB;plastic;3000;2018-12-18T00:00:00.000Z;2019-04-12T10:12:32.000Z
30073;S0056C00565;Habrová 2641;13000;;50,0893202;14,4963518;Schäfer/Europa-OR/GB;glass_coloured;1500;2018-12-18T00:00:00.000Z;2019-04-23T06:18:09.000Z
30074;S0056C00566;Habrová 2641;13000;;50,0893202;14,4963518;Schäfer/Europa-OR/GB;glass_white;1500;2018-12-18T00:00:00.000Z;2019-04-18T20:35:26.000Z
30075;S0056C00567;Habrová 2641;13000;;50,0893202;14,4963518;Schäfer/Europa-OR/GB;beverage_cartons;3000;2018-12-18T00:00:00.000Z;2019-05-09T07:12:31.000Z
30076;S0057C00571;Sudoměřská 1793/47;13000;;50,0817365;14,4577711;Schäfer/Europa-OR/GB;paper;1500;2018-12-05T00:00:00.000Z;2019-04-13T18:44:21.000Z
30077;S0057C00572;Sudoměřská 1793/47;13000;;50,0817365;14,4577711;Schäfer/Europa-OR/GB;plastic;1500;2018-12-05T00:00:00.000Z;2019-04-13T07:01:12.000Z
30078;S0057C00573;Sudoměřská 1793/47;13000;;50,0817365;14,4577711;Schäfer/Europa-OR/GB;glass_coloured;1500;2018-12-05T00:00:00.000Z;2019-04-14T21:44:43.000Z
30079;S0057C00574;Sudoměřská 1793/47;13000;;50,0817365;14,4577711;Schäfer/Europa-OR/GB;glass_white;1500;2018-12-05T00:00:00.000Z;2019-06-14T16:21:02.000Z
30080;S0058C00581;Prokopovo náměstí 175;13000;;50,0863792;14,4523807;Schäfer/Europa-OR/GB;paper;3000;2018-12-05T00:00:00.000Z;2019-04-13T07:00:32.000Z
30081;S0058C00582;Prokopovo náměstí 175;13000;;50,0863792;14,4523807;Schäfer/Europa-OR/GB;plastic;1500;2018-12-05T00:00:00.000Z;
30082;S0058C00583;Prokopovo náměstí 175;13000;;50,0863792;14,4523807;Schäfer/Europa-OR/GB;glass_coloured;1500;2018-12-05T00:00:00.000Z;2019-04-16T18:18:20.000Z
30083;S0058C00584;Prokopovo náměstí 175;13000;;50,0863792;14,4523807;Schäfer/Europa-OR/GB;glass_white;1500;2018-12-05T00:00:00.000Z;2021-01-16T16:46:50.000Z
30084;S0058C00585;Prokopovo náměstí 175;13000;;50,0863792;14,4523807;Schäfer/Europa-OR/GB;beverage_cartons;1500;2018-12-05T00:00:00.000Z;2019-04-18T23:09:51.000Z
30085;S0059C00591;Příběnická 942;13000;;50,0863604;14,4418905;Schäfer/Europa-OR/GB;paper;3000;2018-12-05T00:00:00.000Z;2019-04-12T20:48:45.000Z
30086;S0059C00592;Příběnická 942;13000;;50,0863604;14,4418905;Schäfer/Europa-OR/GB;plastic;1500;2018-12-05T00:00:00.000Z;2019-04-13T13:18:19.000Z
30087;S0059C00593;Příběnická 942;13000;;50,0863604;14,4418905;Schäfer/Europa-OR/GB;glass_coloured;1500;2018-12-05T00:00:00.000Z;2019-05-06T10:06:36.000Z
30088;S0059C00594;Příběnická 942;13000;;50,0863604;14,4418905;Schäfer/Europa-OR/GB;glass_white;1500;2018-12-05T00:00:00.000Z;2019-04-14T18:30:32.000Z
30089;S0059C00595;Příběnická 942;13000;;50,0863604;14,4418905;Schäfer/Europa-OR/GB;beverage_cartons;1500;2018-12-05T00:00:00.000Z;2019-04-25T06:11:19.000Z
30090;S0060C00601;Pod Lipami 2562;13000;;50,0908337;14,4917399;Schäfer/Europa-OR/GB;beverage_cartons;3000;2018-12-18T00:00:00.000Z;2019-05-04T07:12:58.000Z
30091;S0060C00602;Pod Lipami 2562;13000;;50,0908337;14,4917399;Schäfer/Europa-OR/GB;paper;3000;2018-12-18T00:00:00.000Z;2019-04-12T11:16:18.000Z
30093;S0060C00604;Pod Lipami 2562;13000;;50,0908337;14,4917399;Schäfer/Europa-OR/GB;plastic;3000;2018-12-18T00:00:00.000Z;2019-04-15T07:51:45.000Z
30095;S0060C00606;Pod Lipami 2562;13000;;50,0908337;14,4917399;Schäfer/Europa-OR/GB;glass_coloured;1500;2018-12-18T00:00:00.000Z;2019-04-21T14:29:29.000Z
30096;S0060C00607;Pod Lipami 2562;13000;;50,0908337;14,4917399;Schäfer/Europa-OR/GB;glass_white;1500;2018-12-18T00:00:00.000Z;2019-04-13T14:41:07.000Z
30097;S0061C00611;Perunova 880;13000;;50,0756496;14,4542024;Schäfer/Europa-OR/GB;paper;3000;2018-12-05T00:00:00.000Z;2019-04-12T17:04:38.000Z
30098;S0061C00612;Perunova 880;13000;;50,0756496;14,4542024;Schäfer/Europa-OR/GB;plastic;1500;2018-12-05T00:00:00.000Z;2019-04-12T12:29:26.000Z
30099;S0061C00613;Perunova 880;13000;;50,0756496;14,4542024;Schäfer/Europa-OR/GB;glass_coloured;1500;2018-12-05T00:00:00.000Z;2019-04-13T21:19:15.000Z
30100;S0061C00614;Perunova 880;13000;;50,0756496;14,4542024;Schäfer/Europa-OR/GB;glass_white;1500;2018-12-05T00:00:00.000Z;2019-04-21T01:02:54.000Z
30101;S0061C00615;Perunova 880;13000;;50,0756496;14,4542024;Schäfer/Europa-OR/GB;beverage_cartons;1500;2018-12-05T00:00:00.000Z;2019-04-12T14:04:52.000Z
30102;S0062C00621;Ke Kapslovně 2387;13000;;50,0861281;14,4695996;Schäfer/Europa-OR/GB;paper;3000;2018-12-18T00:00:00.000Z;2019-04-14T06:03:06.000Z
30103;S0062C00622;Ke Kapslovně 2387;13000;;50,0861281;14,4695996;Schäfer/Europa-OR/GB;plastic;1500;2018-12-05T00:00:00.000Z;2019-04-13T21:52:18.000Z
30104;S0062C00623;Ke Kapslovně 2387;13000;;50,0861281;14,4695996;Schäfer/Europa-OR/GB;glass_coloured;1500;2018-12-05T00:00:00.000Z;2023-04-06T01:51:41.000Z
30105;S0062C00624;Ke Kapslovně 2387;13000;;50,0861281;14,4695996;Schäfer/Europa-OR/GB;glass_white;1500;2018-12-05T00:00:00.000Z;2019-05-16T02:11:23.000Z
30106;S0063C00631;Na Balkáně-K Vrcholu 2075/70;13000;;50,0949911;14,4865241;Schäfer/Europa-OR/GB;beverage_cartons;1500;2018-12-18T00:00:00.000Z;2019-05-22T05:32:23.000Z
30107;S0063C00632;Na Balkáně-K Vrcholu 2075/70;13000;;50,0949911;14,4865241;Schäfer/Europa-OR/GB;paper;3000;2018-12-18T00:00:00.000Z;2019-04-17T00:30:19.000Z
30109;S0063C00634;Na Balkáně-K Vrcholu 2075/70;13000;;50,0949911;14,4865241;Schäfer/Europa-OR/GB;plastic;1500;2018-12-18T00:00:00.000Z;2019-04-17T23:17:38.000Z
30111;S0063C00636;Na Balkáně-K Vrcholu 2075/70;13000;;50,0949911;14,4865241;Schäfer/Europa-OR/GB;glass_coloured;1500;2018-12-18T00:00:00.000Z;2019-04-14T09:17:45.000Z
30112;S0063C00637;Na Balkáně-K Vrcholu 2075/70;13000;;50,0949911;14,4865241;Schäfer/Europa-OR/GB;glass_white;1500;2018-12-18T00:00:00.000Z;2019-04-14T03:28:37.000Z
30113;S0064C00641;Koněvova/Hájkova 1607/20;13000;;50,0898545;14,4649274;Schäfer/Europa-OR/GB;beverage_cartons;1500;2018-12-18T00:00:00.000Z;2019-04-16T19:35:34.000Z
30114;S0064C00642;Koněvova/Hájkova 1607/20;13000;;50,0898545;14,4649274;Schäfer/Europa-OR/GB;paper;1500;2018-12-18T00:00:00.000Z;2019-04-12T23:31:02.000Z
30116;S0064C00644;Koněvova/Hájkova 1607/20;13000;;50,0898545;14,4649274;Schäfer/Europa-OR/GB;plastic;1500;2018-12-18T00:00:00.000Z;2019-04-14T08:49:34.000Z
30118;S0064C00646;Koněvova/Hájkova 1607/20;13000;;50,0898545;14,4649274;Schäfer/Europa-OR/GB;glass_coloured;3000;2018-12-18T00:00:00.000Z;2019-04-17T20:03:49.000Z
30119;S0064C00647;Koněvova/Hájkova 1607/20;13000;;50,0898545;14,4649274;Schäfer/Europa-OR/GB;glass_white;1500;2018-12-18T00:00:00.000Z;2019-05-01T06:44:23.000Z
30120;S0087C00871;Sokolovská 457/127;18000;;50,10088161;14,48208332;Bammens Memphis;paper;3000;2019-01-13T00:00:00.000Z;2019-04-17T22:28:52.000Z
30121;S0087C00872;Sokolovská 457/127;18000;;50,10088161;14,48208332;Bammens Memphis;plastic;3000;2019-01-13T00:00:00.000Z;2019-04-16T05:45:46.000Z
30122;S0087C00873;Sokolovská 457/127;18000;;50,10088161;14,48208332;Bammens Memphis;glass_coloured;1500;2019-01-13T00:00:00.000Z;2019-04-18T21:31:44.000Z
30123;S0087C00874;Sokolovská 457/127;18000;;50,10088161;14,48208332;Bammens Memphis;glass_white;1500;2019-01-13T00:00:00.000Z;
30124;S0132C01321;Křižíkova ;18000;;50,0918972;14,4483184;Bammens Memphis;paper;3000;;2019-04-14T15:30:25.000Z
30125;S0132C01322;Křižíkova ;18000;;50,0918972;14,4483184;Bammens Memphis;plastic;3000;2019-01-13T00:00:00.000Z;
30126;S0132C01323;Křižíkova ;18000;;50,0918972;14,4483184;Bammens Memphis;glass_coloured;1500;2019-01-13T00:00:00.000Z;2019-05-15T13:58:04.000Z
30127;S0132C01324;Křižíkova ;18000;;50,0918972;14,4483184;Bammens Memphis;glass_white;1500;2019-01-13T00:00:00.000Z;2019-04-18T01:01:38.000Z
30128;S0133C01331;Molákova 601/2;18000;;50,0947805;14,463317;Bammens Memphis;paper;3000;2019-01-13T00:00:00.000Z;2019-04-14T21:01:54.000Z
30129;S0133C01332;Molákova 601/2;18000;;50,0947805;14,463317;Bammens Memphis;plastic;3000;2019-01-13T00:00:00.000Z;2019-04-14T20:48:31.000Z
30130;S0133C01333;Molákova 601/2;18000;;50,0947805;14,463317;Bammens Memphis;glass_coloured;1500;2019-01-13T00:00:00.000Z;2019-04-12T18:19:27.000Z
30131;S0133C01334;Molákova 601/2;18000;;50,0947805;14,463317;Bammens Memphis;glass_white;1500;2019-01-13T00:00:00.000Z;2019-04-13T12:43:17.000Z
30132;S0133C01335;Molákova 601/2;18000;;50,0947805;14,463317;Bammens Memphis;beverage_cartons;1500;2019-01-13T00:00:00.000Z;2019-04-19T08:07:11.000Z
30133;S0133C01336;Molákova 601/2;18000;;50,0947805;14,463317;Bammens Memphis;metal;1500;2019-01-13T00:00:00.000Z;2019-05-13T12:39:17.000Z
30134;S0134C01341;Krejčího ;18000;;50,1136299;14,4664408;Bammens Memphis;paper;3000;2019-01-13T00:00:00.000Z;2019-04-14T14:20:30.000Z
30135;S0134C01342;Krejčího ;18000;;50,1136299;14,4664408;Bammens Memphis;plastic;3000;2019-01-13T00:00:00.000Z;2019-04-16T11:52:23.000Z
30136;S0134C01343;Krejčího ;18000;;50,1136299;14,4664408;Bammens Memphis;glass_coloured;1500;2019-01-13T00:00:00.000Z;2019-04-12T15:42:38.000Z
30137;S0134C01344;Krejčího ;18000;;50,1136299;14,4664408;Bammens Memphis;glass_white;1500;2019-01-13T00:00:00.000Z;2019-04-13T03:19:32.000Z
30138;S0134C01345;Krejčího ;18000;;50,1136299;14,4664408;Bammens Memphis;beverage_cartons;1500;2019-01-13T00:00:00.000Z;2019-04-17T11:04:40.000Z
30139;S0134C01346;Krejčího ;18000;;50,1136299;14,4664408;Bammens Memphis;metal;1500;2019-01-13T00:00:00.000Z;2019-04-17T01:24:57.000Z
30140;S0135C01351;Na Rokytce 22;18000;;50,108529;14,4738525;Bammens Memphis;paper;3000;2019-01-13T00:00:00.000Z;
30141;S0135C01352;Na Rokytce 22;18000;;50,108529;14,4738525;Bammens Memphis;plastic;3000;2019-01-13T00:00:00.000Z;
30142;S0135C01353;Na Rokytce 22;18000;;50,108529;14,4738525;Bammens Memphis;glass_coloured;1500;2019-01-13T00:00:00.000Z;
30143;S0135C01354;Na Rokytce 22;18000;;50,108529;14,4738525;Bammens Memphis;glass_white;1500;2019-01-13T00:00:00.000Z;2019-04-11T01:19:06.000Z
30144;S0135C01355;Na Rokytce 22;18000;;50,108529;14,4738525;Bammens Memphis;beverage_cartons;1500;2019-01-13T00:00:00.000Z;
30145;S0135C01356;Na Rokytce 22;18000;;50,108529;14,4738525;Bammens Memphis;metal;1500;2019-01-13T00:00:00.000Z;2019-04-13T20:21:17.000Z
30146;S0136C01361;U Meteoru ;18000;;50,1102801;14,4704628;Bammens Memphis;paper;3000;2019-01-13T00:00:00.000Z;2019-04-15T01:44:09.000Z
30147;S0136C01362;U Meteoru ;18000;;50,1102801;14,4704628;Bammens Memphis;plastic;3000;2019-01-13T00:00:00.000Z;2019-04-18T20:58:37.000Z
30148;S0136C01363;U Meteoru ;18000;;50,1102801;14,4704628;Bammens Memphis;glass_coloured;1500;2019-01-13T00:00:00.000Z;2020-07-10T03:29:37.000Z
30149;S0136C01364;U Meteoru ;18000;;50,1102801;14,4704628;Bammens Memphis;glass_white;1500;2019-01-13T00:00:00.000Z;2019-07-22T09:33:14.000Z
30150;S0137C01371;Na Bendovce ;18000;;50,1322497;14,4156713;Bammens Memphis;paper;3000;2019-01-13T00:00:00.000Z;2019-04-14T03:35:05.000Z
30151;S0137C01372;Na Bendovce ;18000;;50,1322497;14,4156713;Bammens Memphis;plastic;3000;2019-01-13T00:00:00.000Z;
30152;S0137C01373;Na Bendovce ;18000;;50,1322497;14,4156713;Bammens Memphis;glass_coloured;1500;2019-01-13T00:00:00.000Z;2019-05-08T04:55:51.000Z
30153;S0137C01374;Na Bendovce ;18000;;50,1322497;14,4156713;Bammens Memphis;glass_white;1500;2019-01-13T00:00:00.000Z;2019-04-13T03:03:20.000Z
30154;S0137C01375;Na Bendovce ;18000;;50,1322497;14,4156713;Bammens Memphis;beverage_cartons;1500;2019-01-13T00:00:00.000Z;2019-04-16T01:29:00.000Z
30155;S0137C01376;Na Bendovce ;18000;;50,1322497;14,4156713;Bammens Memphis;metal;1500;2019-01-13T00:00:00.000Z;2019-04-14T09:00:38.000Z
30156;S0138C01381;Nám. Dr. Václava Holého ;18000;;50,1066204;14,47374101;Bammens Memphis;paper;3000;2019-01-13T00:00:00.000Z;2019-04-15T06:43:07.000Z
30157;S0138C01382;Nám. Dr. Václava Holého ;18000;;50,1066204;14,47374101;Bammens Memphis;plastic;3000;2019-01-13T00:00:00.000Z;2019-04-15T20:48:33.000Z
30158;S0138C01383;Nám. Dr. Václava Holého ;18000;;50,1066204;14,47374101;Bammens Memphis;glass_coloured;1500;2019-01-13T00:00:00.000Z;
30159;S0138C01384;Nám. Dr. Václava Holého ;18000;;50,1066204;14,47374101;Bammens Memphis;glass_white;1500;2019-01-13T00:00:00.000Z;
30160;S0138C01385;Nám. Dr. Václava Holého ;18000;;50,1066204;14,47374101;Bammens Memphis;beverage_cartons;1500;2019-01-13T00:00:00.000Z;
30162;S0139C01391;Františka Kadlece ;18000;;50,1157257;14,4748245;Bammens Memphis;paper;3000;2019-01-13T00:00:00.000Z;
30163;S0139C01392;Františka Kadlece ;18000;;50,1157257;14,4748245;Bammens Memphis;plastic;3000;2019-01-13T00:00:00.000Z;
30164;S0139C01393;Františka Kadlece ;18000;;50,1157257;14,4748245;Bammens Memphis;glass_coloured;1500;2019-01-13T00:00:00.000Z;
30165;S0139C01394;Františka Kadlece ;18000;;50,1157257;14,4748245;Bammens Memphis;glass_white;1500;2019-01-13T00:00:00.000Z;
30166;S0139C01395;Františka Kadlece ;18000;;50,1157257;14,4748245;Bammens Memphis;beverage_cartons;1500;2019-01-13T00:00:00.000Z;
30167;S0139C01396;Františka Kadlece ;18000;;50,1157257;14,4748245;Bammens Memphis;metal;1500;2019-01-13T00:00:00.000Z;
30168;S0140C01401;Nad Vavrouškou Velká Skála ;18000;;50,1252616;14,4324195;Bammens Memphis;paper;3000;2019-01-13T00:00:00.000Z;2019-04-16T17:23:34.000Z
30169;S0140C01402;Nad Vavrouškou Velká Skála ;18000;;50,1252616;14,4324195;Bammens Memphis;metal;1500;2019-01-13T00:00:00.000Z;2019-04-18T12:27:49.000Z
30170;S0140C01403;Nad Vavrouškou Velká Skála ;18000;;50,1252616;14,4324195;Bammens Memphis;glass_coloured;1500;2019-01-13T00:00:00.000Z;2019-04-12T19:49:55.000Z
30171;S0140C01404;Nad Vavrouškou Velká Skála ;18000;;50,1252616;14,4324195;Bammens Memphis;glass_white;1500;2019-01-13T00:00:00.000Z;2019-07-13T23:07:04.000Z
30323;S0140C01405;Nad Vavrouškou Velká Skála ;18000;;50,1252616;14,4324195;Bammens Memphis;beverage_cartons;1500;2019-01-13T00:00:00.000Z;
30172;S0141C01411;Za Poříčskou bránou ;18000;;50,0909897;14,4416884;Bammens Memphis;paper;3000;2019-01-13T00:00:00.000Z;
30173;S0141C01412;Za Poříčskou bránou ;18000;;50,0909897;14,4416884;Bammens Memphis;plastic;3000;2019-01-13T00:00:00.000Z;2019-04-15T15:11:09.000Z
30174;S0141C01413;Za Poříčskou bránou ;18000;;50,0909897;14,4416884;Bammens Memphis;glass_coloured;1500;2019-01-13T00:00:00.000Z;2019-04-18T17:29:47.000Z
30175;S0141C01414;Za Poříčskou bránou ;18000;;50,0909897;14,4416884;Bammens Memphis;glass_white;1500;2019-01-13T00:00:00.000Z;2019-05-01T12:30:30.000Z
30176;S0141C01415;Za Poříčskou bránou ;18000;;50,0909897;14,4416884;Bammens Memphis;beverage_cartons;1500;2019-01-13T00:00:00.000Z;2019-04-12T18:46:37.000Z
30274;P0065C00651;Revoluční  1044/23;11000;Praha 1;50,0920261;14,42735134;Nadzem;glass_coloured;1500;2018-12-18T00:00:00.000Z;
30287;P0065C00652;Revoluční  1044/23;11000;Praha 1;50,0920261;14,42735134;Nadzem;paper;2000;2018-12-18T00:00:00.000Z;2019-04-14T14:17:13.000Z
30288;P0065C00653;Revoluční  1044/23;11000;Praha 1;50,0920261;14,42735134;Nadzem;plastic;2000;2018-12-18T00:00:00.000Z;2019-04-12T22:43:28.000Z
30290;P0065C00655;Revoluční  1044/23;11000;Praha 1;50,0920261;14,42735134;Nadzem;metal;1500;2018-12-18T00:00:00.000Z;2019-04-18T04:46:26.000Z
30291;P0065C00656;Revoluční  1044/23;11000;Praha 1;50,0920261;14,42735134;Nadzem;beverage_cartons;1500;2018-12-18T00:00:00.000Z;2019-04-21T23:42:30.000Z
30386;S0142C01421;Horymírovo náměstí  6;15300;;49,9828773;14,3614171;Schäfer/Europa-OV;metal;3000;2019-01-13T00:00:00.000Z;2019-04-26T09:11:26.000Z
30387;S0142C01422;Horymírovo náměstí  6;15300;;49,9828773;14,3614171;Schäfer/Europa-OV;paper;3000;2019-01-13T00:00:00.000Z;2019-04-14T10:14:45.000Z
30388;S0142C01423;Horymírovo náměstí  6;15300;;49,9828773;14,3614171;Schäfer/Europa-OV;plastic;3000;2019-01-13T00:00:00.000Z;
30389;S0142C01424;Horymírovo náměstí  6;15300;;49,9828773;14,3614171;Schäfer/Europa-OV;beverage_cartons;3000;2019-01-13T00:00:00.000Z;2019-05-04T16:59:50.000Z
30382;S0143C01431;Josefa Kočího 8;15300;;49,9839272;14,3647237;Schäfer/Europa-OV;metal;3000;2019-01-13T00:00:00.000Z;2019-04-25T07:20:20.000Z
30383;S0143C01432;Josefa Kočího 8;15300;;49,9839272;14,3647237;Schäfer/Europa-OV;paper;3000;2019-01-13T00:00:00.000Z;
30384;S0143C01433;Josefa Kočího 8;15300;;49,9839272;14,3647237;Schäfer/Europa-OV;plastic;3000;2019-01-13T00:00:00.000Z;
30385;S0143C01434;Josefa Kočího 8;15300;;49,9839272;14,3647237;Schäfer/Europa-OV;beverage_cartons;3000;2019-01-13T00:00:00.000Z;2019-04-22T02:26:58.000Z
30378;S0144C01441;Loučanská 8;15300;;49,9813324;14,3602615;Schäfer/Europa-OV;beverage_cartons;3000;2019-01-13T00:00:00.000Z;2019-04-26T21:17:22.000Z
30379;S0144C01442;Loučanská 8;15300;;49,9813324;14,3602615;Schäfer/Europa-OV;metal;3000;2019-01-13T00:00:00.000Z;2019-05-20T14:27:11.000Z
30380;S0144C01443;Loučanská 8;15300;;49,9813324;14,3602615;Schäfer/Europa-OV;paper;3000;2019-01-13T00:00:00.000Z;2019-04-15T05:07:28.000Z
30381;S0144C01444;Loučanská 8;15300;;49,9813324;14,3602615;Schäfer/Europa-OV;plastic;3000;2019-01-13T00:00:00.000Z;2019-04-15T09:11:22.000Z
30376;S0145C01451;náměstí Osvoboditelů 1;15300;;49,9849304;14,360399;Schäfer/Europa-OV;paper;3000;2019-01-13T00:00:00.000Z;2019-04-14T14:06:14.000Z
30377;S0145C01452;náměstí Osvoboditelů 1;15300;;49,9849304;14,360399;Schäfer/Europa-OV;plastic;3000;2019-01-13T00:00:00.000Z;
30372;S0146C01461;náměstí Osvoboditelů 5;15300;;49,9843915;14,3580448;Schäfer/Europa-OV;paper;3000;2019-01-13T00:00:00.000Z;
30373;S0146C01462;náměstí Osvoboditelů 5;15300;;49,9843915;14,3580448;Schäfer/Europa-OV;plastic;3000;2019-01-13T00:00:00.000Z;
30374;S0146C01463;náměstí Osvoboditelů 5;15300;;49,9843915;14,3580448;Schäfer/Europa-OV;metal;3000;2019-01-13T00:00:00.000Z;
30375;S0146C01464;náměstí Osvoboditelů 5;15300;;49,9843915;14,3580448;Schäfer/Europa-OV;beverage_cartons;3000;2019-01-13T00:00:00.000Z;2019-04-20T06:07:46.000Z
30368;S0147C01471;Prvomájová 6;15300;;49,9851984;14,3584507;Schäfer/Europa-OV;beverage_cartons;3000;2019-01-13T00:00:00.000Z;2019-04-22T18:39:51.000Z
30369;S0147C01472;Prvomájová 6;15300;;49,9851984;14,3584507;Schäfer/Europa-OV;metal;3000;2019-01-13T00:00:00.000Z;2019-04-29T15:08:47.000Z
30370;S0147C01473;Prvomájová 6;15300;;49,9851984;14,3584507;Schäfer/Europa-OV;paper;3000;2019-01-13T00:00:00.000Z;2019-04-14T06:07:22.000Z
30371;S0147C01474;Prvomájová 6;15300;;49,9851984;14,3584507;Schäfer/Europa-OV;plastic;3000;2019-01-13T00:00:00.000Z;
30364;S0148C01481;Prvomájová 27;15300;;49,9871436;14,3628601;Schäfer/Europa-OV;paper;3000;2019-01-13T00:00:00.000Z;
30365;S0148C01482;Prvomájová 27;15300;;49,9871436;14,3628601;Schäfer/Europa-OV;plastic;3000;2019-01-13T00:00:00.000Z;
30366;S0148C01483;Prvomájová 27;15300;;49,9871436;14,3628601;Schäfer/Europa-OV;metal;3000;2019-01-13T00:00:00.000Z;2019-04-30T01:48:20.000Z
30367;S0148C01484;Prvomájová 27;15300;;49,9871436;14,3628601;Schäfer/Europa-OV;beverage_cartons;3000;2019-01-13T00:00:00.000Z;2019-04-26T10:02:59.000Z
30362;S0149C01491;Sídliště 22;15300;;49,9796125;14,3526137;Schäfer/Europa-OV;paper;3000;2019-01-13T00:00:00.000Z;2019-04-13T14:38:12.000Z
30363;S0149C01492;Sídliště 22;15300;;49,9796125;14,3526137;Schäfer/Europa-OV;plastic;3000;2019-01-13T00:00:00.000Z;
30358;S0150C01501;Sídliště 32;15300;;49,9806114;14,3543172;Schäfer/Europa-OV;beverage_cartons;3000;2019-01-13T00:00:00.000Z;2019-04-22T09:04:42.000Z
30359;S0150C01502;Sídliště 32;15300;;49,9806114;14,3543172;Schäfer/Europa-OV;paper;3000;2019-01-13T00:00:00.000Z;
30360;S0150C01503;Sídliště 32;15300;;49,9806114;14,3543172;Schäfer/Europa-OV;plastic;3000;2019-01-13T00:00:00.000Z;
30361;S0150C01504;Sídliště 32;15300;;49,9806114;14,3543172;Schäfer/Europa-OV;metal;3000;2019-01-13T00:00:00.000Z;2019-05-03T00:25:56.000Z
30354;S0151C01511;Věštínská 4;15300;;49,9840709;14,3630841;Schäfer/Europa-OV;beverage_cartons;3000;2019-01-13T00:00:00.000Z;2019-04-22T10:31:52.000Z
30355;S0151C01512;Věštínská 4;15300;;49,9840709;14,3630841;Schäfer/Europa-OV;plastic;3000;2019-01-13T00:00:00.000Z;
30356;S0151C01513;Věštínská 4;15300;;49,9840709;14,3630841;Schäfer/Europa-OV;paper;3000;2019-01-13T00:00:00.000Z;2019-04-14T13:20:06.000Z
30357;S0151C01514;Věštínská 4;15300;;49,9840709;14,3630841;Schäfer/Europa-OV;metal;3000;2019-01-13T00:00:00.000Z;2019-04-23T18:46:23.000Z
30350;S0152C01521;Stárkova 65/6;11000;;50,0931486;14,4358256;Nadzem;paper;3000;2019-01-13T00:00:00.000Z;2019-04-27T08:35:36.000Z
30351;S0152C01522;Stárkova 65/6;11000;;50,0931486;14,4358256;Nadzem;plastic;3000;2019-01-13T00:00:00.000Z;2019-04-19T16:42:51.000Z
30352;S0152C01523;Stárkova 65/6;11000;;50,0931486;14,4358256;Nadzem;metal;3000;;2019-07-06T06:24:51.000Z
30353;S0152C01524;Stárkova 65/6;11000;;50,0931486;14,4358256;Nadzem;beverage_cartons;3000;2019-01-13T00:00:00.000Z;2022-11-07T21:34:09.000Z
30346;S0153C01531;Senovážné náměstí 976/31;11000;;50,0855117;14,4302374;Nadzem;paper;3000;2019-01-13T00:00:00.000Z;2019-04-15T01:20:07.000Z
30347;S0153C01532;Senovážné náměstí 976/31;11000;;50,0855117;14,4302374;Nadzem;plastic;3000;2019-01-13T00:00:00.000Z;2019-04-12T14:53:28.000Z
30348;S0153C01533;Senovážné náměstí 976/31;11000;;50,0855117;14,4302374;Nadzem;metal;3000;2019-01-13T00:00:00.000Z;
30349;S0153C01534;Senovážné náměstí 976/31;11000;;50,0855117;14,4302374;Nadzem;beverage_cartons;3000;2019-01-13T00:00:00.000Z;2019-04-19T15:45:11.000Z
30342;S0154C01541;Opletalova 1336/35;11000;;50,08312257;14,43002187;Nadzem;paper;3000;2019-01-13T00:00:00.000Z;2019-04-15T19:46:25.000Z
30343;S0154C01542;Opletalova 1336/35;11000;;50,08312257;14,43002187;Nadzem;plastic;3000;2019-01-13T00:00:00.000Z;2019-04-18T00:42:26.000Z
30344;S0154C01543;Opletalova 1336/35;11000;;50,08312257;14,43002187;Nadzem;metal;3000;2019-01-13T00:00:00.000Z;2019-04-19T12:16:06.000Z
30345;S0154C01544;Opletalova 1336/35;11000;;50,08312257;14,43002187;Nadzem;beverage_cartons;3000;2019-01-13T00:00:00.000Z;2019-04-28T06:34:40.000Z
30338;S0155C01551;Bolzanova 1604/7;11000;;50,0858551;14,436173;Nadzem;plastic;3000;2019-01-13T00:00:00.000Z;2019-04-19T14:25:33.000Z
30339;S0155C01552;Bolzanova 1604/7;11000;;50,0858551;14,436173;Nadzem;paper;3000;2019-01-13T00:00:00.000Z;2019-04-19T07:44:26.000Z
30340;S0155C01553;Bolzanova 1604/7;11000;;50,0858551;14,436173;Nadzem;metal;3000;2019-01-13T00:00:00.000Z;2019-05-06T17:10:28.000Z
30341;S0155C01554;Bolzanova 1604/7;11000;;50,0858551;14,436173;Nadzem;beverage_cartons;3000;2019-01-13T00:00:00.000Z;2019-05-20T09:18:44.000Z
30334;S0156C01561;Žitná 653/21 ;11000;;50,0775479;14,4245336;Nadzem;plastic;3000;2019-01-13T00:00:00.000Z;
30335;S0156C01562;Žitná 653/21 ;11000;;50,0775479;14,4245336;Nadzem;paper;3000;2019-01-13T00:00:00.000Z;2019-04-13T04:48:17.000Z
30336;S0156C01563;Žitná 653/21 ;11000;;50,0775479;14,4245336;Nadzem;metal;3000;2019-01-13T00:00:00.000Z;
30337;S0156C01564;Žitná 653/21 ;11000;;50,0775479;14,4245336;Nadzem;beverage_cartons;3000;2019-01-13T00:00:00.000Z;2019-04-20T08:29:22.000Z
30330;S0157C1571;Voršilská 139;11000;;50,0807288;14,4166723;Nadzem;plastic;3000;2019-01-13T00:00:00.000Z;
30331;S0157C01572;Voršilská 139;11000;;50,0807288;14,4166723;Nadzem;paper;3000;2019-01-13T00:00:00.000Z;2019-04-13T20:57:52.000Z
30332;S0157C01573;Voršilská 139;11000;;50,0807288;14,4166723;Nadzem;metal;3000;2019-01-13T00:00:00.000Z;2019-04-14T21:56:34.000Z
30333;S0157C01574;Voršilská 139;11000;;50,0807288;14,4166723;Nadzem;beverage_cartons;3000;2019-01-13T00:00:00.000Z;2019-04-21T20:35:02.000Z
30326;S0158C01581;Mariánské náměstí 158/3;11000;;50,086756;14,4178405;Nadzem;plastic;3000;2019-01-13T00:00:00.000Z;2019-04-13T18:57:38.000Z
30327;S0158C01582;Mariánské náměstí 158/3;11000;;50,086756;14,4178405;Nadzem;paper;3000;2019-01-13T00:00:00.000Z;2019-04-14T16:02:18.000Z
30328;S0158C01583;Mariánské náměstí 158/3;11000;;50,086756;14,4178405;Nadzem;metal;3000;2019-01-13T00:00:00.000Z;2019-04-14T16:36:40.000Z
30329;S0158C01584;Mariánské náměstí 158/3;11000;;50,086756;14,4178405;Nadzem;beverage_cartons;3000;2019-01-13T00:00:00.000Z;2019-04-22T15:56:21.000Z
30400;S0159C01591;Pohořelec  111/25;11000;;50,08777178;14,39029299;Nadzem;plastic;2000;2019-01-28T00:00:00.000Z;2019-04-13T20:08:32.000Z
30401;S0159C01592;Pohořelec  111/25;11000;;50,08777178;14,39029299;Nadzem;paper;2000;2019-01-28T00:00:00.000Z;2019-04-14T07:19:34.000Z
30402;S0159C01593;Pohořelec  111/25;11000;;50,08777178;14,39029299;Nadzem;glass_coloured;1100;2019-01-28T00:00:00.000Z;2019-04-27T18:21:53.000Z
30403;S0159C01594;Pohořelec  111/25;11000;;50,08777178;14,39029299;Nadzem;glass_white;1100;2019-01-28T00:00:00.000Z;2019-05-06T04:28:32.000Z
30404;S0159C01595;Pohořelec  111/25;11000;;50,08777178;14,39029299;Nadzem;metal;1100;2019-01-28T00:00:00.000Z;2019-04-22T04:30:37.000Z
30405;S0159C01596;Pohořelec  111/25;11000;;50,08777178;14,39029299;Nadzem;beverage_cartons;1100;2019-01-28T00:00:00.000Z;2019-04-23T06:26:06.000Z
30406;S0160C01601;Široká 1083/24;11000;;50,08974737;14,42033373;Nadzem;plastic;2000;2019-01-28T00:00:00.000Z;2019-05-07T18:19:12.000Z
30407;S0160C01602;Široká 1083/24;11000;;50,08974737;14,42033373;Nadzem;paper;2000;2019-01-28T00:00:00.000Z;
30408;S0160C01603;Široká 1083/24;11000;;50,08974737;14,42033373;Nadzem;metal;1100;2019-01-28T00:00:00.000Z;2019-04-28T17:22:59.000Z
30409;S0160C01604;Široká 1083/24;11000;;50,08974737;14,42033373;Nadzem;beverage_cartons;1100;2019-01-28T00:00:00.000Z;2019-05-01T16:10:47.000Z
29910;S0161C00403;Ortenovo náměstí 890/2;17000;;50,10692991;14,44381915;Schäfer/Europa-OV;paper;3000;2018-12-18T00:00:00.000Z;2019-04-17T03:02:55.000Z
29911;S0161C00404;Ortenovo náměstí 890/2;17000;;50,10692991;14,44381915;Schäfer/Europa-OV;plastic;3000;2018-12-18T00:00:00.000Z;
